"����","���� ��","��������","�ٰ� ����","���� �������","���� ������ü","����� �������ȣ","��������","�����","������ �����ȣ","�ּ�","Ȩ������","��ǥ��ȭ","FAX","���"
"1","������ ��Ȱ����","�õ���","��������Ȱ������ġ�׿����������","������","�ش����","32200641","����","165","24227","������ ��õ�� �濭�� 142���� 24-16","www.grh.or.kr","033-248-7700","033-248-7723",""
"2","������ ��ô�Ƿ��","Ư������","�����Ƿ���� ���� �� ��� ���� ����","���Ǻ�����(������)","�����Ƿ��","32100060","���պ���","152","25920","������ ��ô�� ����õ�� 418","http://ksmc.or.kr","033-572-1141","033-573-8424",""
"3","������ �����Ƿ��","Ư������","�����Ƿ���� ���� �� ��� ���� ����","���Ǻ�����(������)","�����Ƿ��","32100078","���պ���","214","26234","������ ������ ������ �߾�1�� 59","http://www.youngwol.org","033-370-9117","033-370-9137",""
"4","������ �����Ƿ��","Ư������","�����Ƿ���� ���� �� ��� ���� ����","���Ǻ�����(������)","�����Ƿ��","32100086","���պ���","237","26448","������ ���ֽ� ������� 387(���)","www.kwmc.or.kr","033-760-4500","033-761-5121",""
"5","������ �����Ƿ��","Ư������","�����Ƿ���� ���� �� ��� ���� ����","���Ǻ�����(������)","�����Ƿ��","32100159","���պ���","137","25535","������ ������ �氭�� 2007(������ 164-1)","http://www.gnmc.or.kr","033-646-6910","033-610-1415",""
"6","������ �����Ƿ��","Ư������","�����Ƿ���� ���� �� ��� ���� ����","���Ǻ�����(������)","�����Ƿ��","32100141","���պ���","190","24821","������ ���ʽ� ����ȣ�ݱ� 3","http://www.sokchomc.co.kr","033-630-6000","033-630-6004",""
"7","��õ�� ������������","�ñ�����","���κ����� ��õ�ó�������������ġ�� �����������","������","�ش����","32280271","��纴��","166","24216","������ ��õ�� ���Ƿ� 252","http://ccsilverhospital.co.kr","033-240-7500","033-240-7591",""
"8","��������������纴��","�õ���","��������������纴�� ��ġ �� � ����","������","�ش����","32280424","��纴��","124","25535","������ ������ �氭�� 2007","http://www.gnmch.or.kr","033-640-8800","033-640-8825",""
"9","������������","�ñ�����","�����Ƿ��� ���� �� �����������","������","�ش����","32201184","����","61","26150","������ ������ ����� ����õ�� 727","����","033-592-3121","033-592-3125",""
"10","��⵵�Ƿ�� ��������","Ư������","�����Ƿ���� ���� �� ��� ���� ����","���Ǻ�����(��⵵)","�����Ƿ��","31100988","���պ���","143","16316","��⵵ ������ ��ȱ� ������ 245���� 69","http://www.medical.or.kr/_sw_gpmc/","031-888-0114","031-244-0242",""
"11","��⵵�Ƿ�� ��õ����","Ư������","�����Ƿ���� ���� �� ��� ���� ����","���Ǻ�����(��⵵)","�����Ƿ��","31101151","���պ���","115","17366","��⵵ ��õ�� ������ 2742","http://www.medical.or.kr/_ic_gpmc/","031-639-4800","031-636-7500",""
"12","��⵵�Ƿ�� �ȼ�����","Ư������","�����Ƿ���� ���� �� ��� ���� ����","���Ǻ�����(��⵵)","�����Ƿ��","31100341","���պ���","151","17572","��⵵ �ȼ��� ���2�� 17����(��յ�)","http://www.medical.or.kr/_as_gpmc/","031-8046-5000","031-8046-5555",""
"13","��⵵�Ƿ�� �����κ���","Ư������","�����Ƿ���� ���� �� ��� ���� ����","���Ǻ�����(��⵵)","�����Ƿ��","31100287","���պ���","227","11671","��⵵ �����ν� �Ｑ�� 142 (�����ε�)","http://www.medical.or.kr/_uj_gpmc/","031-828-5000","031-828-5024",""
"14","��⵵�Ƿ�� ��õ����","Ư������","�����Ƿ���� ���� �� ��� ���� ����","���Ǻ�����(��⵵)","�����Ƿ��","31100317","���պ���","150","11142","��⵵ ��õ�� ��õ�� 1648(������)","http://www.medical.or.kr/_pc_gpmc/","031-539-9114","031-532-0137",""
"15","��⵵�Ƿ�� ���ֺ���","Ư������","�����Ƿ���� ���� �� ��� ���� ����","���Ǻ�����(��⵵)","�����Ƿ��","31100325","���պ���","192","10922","��⵵ ���ֽ� �߾ӷ� 207(���̵�)","http://www.medical.or.kr/_pj_gpmc/","031-940-9100","031-944-7729",""
"16","��⵵�������� ���κ���","�õ���","��⵵������������ ��ġ �� ��� ���� ����","��⵵","�ش����","31282628","��纴��","199","17089","��⵵ ���ν� ���ﱸ �ߺδ�� 940","www.silvernet.or.kr","031-288-0400","031-288-0405",""
"17","��⵵�������� ���ú���","�õ���","��⵵������������ ��ġ �� ��� ���� ����","��⵵","�ش����","31284311","��纴��","230","17723","��⵵ ���ý� �ﳲ�� 312(���ϵ�)","goodmsilver.co.kr","031-669-9988","031-669-9933",""
"18","��⵵�������� ���ﺴ��","�õ���","��⵵������������ ��ġ �� ��� ���� ����","��⵵","�ش����","31283535","��纴��","264","14978","��⵵ ����� ���߷� 285","www.gshospital.com","031-500-7100","031-500-7382",""
"19","��⵵�����������ֺ���","�õ���","��⵵������������ ��ġ �� ��� ���� ����","��⵵","�ش����","31282610","��纴��","189","12613","��⵵ ���ֽ� �ϳ��� ������ 361-14","www.noinhospital.or.kr","031-886-4100","031-886-4055","2006(����)"
"20","��⵵�������� �����ֺ���","�õ���","��⵵������������ ��ġ �� ��� ���� ����","��⵵","�ش����","31283331","��纴��","231","12025","��⵵ �����ֽ� ������ �ܹ�� 172����32","www.gngh.or.kr/","031-590-5000","031-590-5010",""
"21","��⵵�������� ����õ����","�õ���","��⵵������������ ��ġ �� ��� ���� ����","��⵵","�ش����","31281982","��纴��","199","11322","��⵵ ����õ�� ž�ŷ� 536","gdsilver.co.kr","031-860-4114","031-860-4116",""
"22","��⵵�����ź���","�õ���","��⵵�����ź��� ��ġ �� ��� ���� ����","��⵵","�ش����","31202284","����","270","17089","��⵵ ���ν� ���ﱸ �ߺδ�� 940","www.yonginmh.co.kr","031-288-0114","031-288-0107",""
"23","�Ȼ�ø� ������������","�ñ�����","�Ȼ�ø� ������������ ��ġ �� ��� ���� ����","��⵵","�ش����","31281362","��纴��","226","15585","��� �Ȼ�� ��ϱ� �������� 24","http://www.bumomam.or.kr","031-8040-5114","031-408-5113",""
"24","��õ�ø� ������������","�ñ�����","��õ�� ������������ �� ���κ����ü� ��ġ.��� ���� ����","��⵵","�ش����","31287221","��纴��","248","14478","��⵵ ��õ�� ��ġ�� 26","www.bucheongeriatrichospital.com","032-713-7300","032-713-7333",""
"25","��󳲵��� �뿵������������","�õ���","��󳲵��� ���ź��� �� ������������ ��ġ����","��󳲵�","�ش����","38280817","��纴��","280","53000","�泲 �뿵�� ����� ���ؾȴ��1818","http://www.gnsilver.com","055-640-1900","055-640-1909",""
"26","��󳲵������ź���","�õ���","��󳲵��� ���ź��� ��  ������������ ��ġ����","��󳲵�","�ش����","38200961","����","350","52509","�泲 ��õ�� �ൿ�� ����� 1110-35","www.soon-young.co.kr","055-854-6000","055-854-7009",""
"27","��󳲵��� ��õ������������","�õ���","��󳲵��� ���ź��� �� ������������ ��ġ����","��󳲵�","�ش����","38282631","��纴��","228","52509","�泲 ��õ�� �ൿ�� �����1110-35","http://www.4000silver.com","055-794-2900","055-794-1299",""
"28","�ø�â�� ��纴��","�ñ�����","â���ø���纴���� ��ġ �� ��� ���� ����","��󳲵�","�ش����","38280141","��纴��","175","51104","â���� ��â�� �ϸ� �ܳ��� 499-32","http://www.hyomind.co.kr","055-298-2442","055-298-7476",""
"29","��󳲵��� ���س�����������","�õ���","��󳲵��� ���ź��� �� ������������ ��ġ����","��󳲵�","�ش����","38280329","��纴��","175","50880","�泲 ���ؽ� ���ش�� 1814-39(��赿)","http//www.gimhaenoin.co.kr","055-330-2000","055-330-2004",""
"30","��󳲵��� ��������������","�õ���","��󳲵��� ���ź��� �� ������������ ��ġ����","��󳲵�","�ش����","38280353","��纴��","199","50509","��󳲵� ���� ��ϸ� ����� 1870-64","http://www.gygh.co.kr","055-375-7275","055-375-7582",""
"31","��â���� ���ο�纴��","�ñ�����","��â�������ο�纴�� ��ġ �� �����","��󳲵�","�ش����","38280396","��纴��","100","50141","��󳲵� ��â�� ��â�� ����3�� 180","http://www.gcnoin.or.kr","055-943-3333","055-943-9815",""
"32","��󳲵� �����Ƿ��","Ư������","�����Ƿ���� ���� �� ��� ���� ����","���Ǻ�����(��󳲵�)","�����Ƿ��","38100029","���պ���","286","51264","â���� ����������3.15��� 231","http://www.mmc.or.kr/","055-249-1000","055-249-1008",""
"33","���ر��� ������������","�ñ�����","���ر��� ������������ ��ġ �� � ����","��󳲵�","�ش����","38281121","��纴��","95","52417","��󳲵� ���ر� ������ ȭ����173-1","����","055-864-2201","055-864-0022",""
"34","�ø����� ��纴��","�ñ�����","â���ø���纴���� ��ġ �� ��� ���� ����","��󳲵�","�ش����","38281228","��纴��","295","51777","��󳲵� â���� ���������� ������ 15","http://www.taebonghp.co.kr","055-221-2700","055-221-2755",""
"35","�Ƿɱ���������������","�ñ�����","�Ƿɱ��� ������������ ��ġ �� �����","��󳲵�","�ش����","38283191","��纴��","140","52103","��󳲵� �Ƿɱ� �θ��� ���ѷ� 1655","http://www.silvermedi.or.kr","055-574-0009","055-573-5119",""
"36","���ϵ� �����Ƿ��","Ư������","�����Ƿ���� ���� �׿�� ���� ����","���ϵ�","�����Ƿ��","37100041","���պ���","297","37688","���ϵ� ���׽� �ϱ� ����� 36","http://www.pmc.or.kr","054-247-0551","054-247-0559",""
"37","���ϵ� ��õ�Ƿ��","Ư������","�����Ƿ���� ���� �� ��� ���� ����","���ϵ�","�����Ƿ��","37100394","���պ���","260","39579","���ϵ� ��õ�� ��ϱ� 24(��ϵ�)","www.gcmc.or.kr","054-429-8114","054-433-8254",""
"38","���ϵ� �ȵ��Ƿ��","Ư������","�����Ƿ���� ���� �� ��� ���� ����","���ϵ�","�����Ƿ��","37100351","���պ���","210","36694","���ϵ� �ȵ��� �»�2�� 55","http://amc.or.kr","054-850-6000","054-858-8950",""
"39","�������Ƿ��","Ư������","�����Ƿ���� ���� �� ��� ���� ����","������","�����Ƿ��","37201603","����","79","36324","���ϵ� ������ ������ �����ױ� 71","http://www.umc.or.kr","054-785-7000","054-785-7020",""
"40","���ϵ����׳���������纴��","����","���ϵ�������������纴����ġ �� � ����","���ϵ�","�ش����","37280511","��纴��","166","37688","���ϵ� ���׽� �ϱ� ����� 36","http://www.pmc.or.kr","054-247-0551","054-247-0559",""
"41","���ֽø� ����������纴��","�ø�","���ֽø�����������纴�� ��ġ �� � ����","���ϵ�","�ش����","37281372","��纴��","199","38049","���ϵ� ���ֽ� ����� ������ 610-120","http://www.kjho.co.kr/","054-743-6200","054-743-3663",""
"42","���ϵ�����õ����������纴��","����","���ϵ�����õ����������纴�� ��ġ �� ������� 4���� ����","���ϵ�","�ش����","37280295","��纴��","236","39500","���ϵ� ��õ�� ���� �žֱ� 100-10","www.gimcheonhp.co.kr","054-420-7200","054-437-6005",""
"43","���̽ø� ���ο�纴��","�ø�","���̽ø����ο�纴�� ��ġ �� � ����","���ϵ�","�ش����","37281313","��纴��","258","39203","���ϵ� ���̽� ������ 37-1","http://www.gumihosp.or.kr/","054-440-1000","054-440-1051",""
"44","���ϵ��� �ȵ�����������纴��","����","���ϵ�������������纴����ġ �� �����","���ϵ�","�ش����","37280015","��纴��","402","36755","���ϵ� �ȵ��� ���ĸ� ���Ϸ� 1463","www.andongyuri.co.kr","054-851-6000","054-851-6474",""
"45","���ֽø�����������纴��","�ø�","���ֽø�����������纴�� ��ġ �� � ����","���ϵ�","�ش����","37281569","��纴��","199","36051","���ϵ� ���ֽ� ������ ��ȷ� 697","www.yjctm.com/","054-631-1500","054-631-1504",""
"46","���ֽø� ���ο�纴��","�ø�","���ֽ� ����������纴�� ��ġ �� � ����","���ϵ�","�ش����","37281721","��纴��","233","37242","���ϵ� ���ֽ� �븶�� 190-45(������)","www.sjsh.co.kr","054-530-5300","054-532-5301",""
"47","�ø������纴��","�ø�","����� �ø�����������纴�� ��ġ �� � ����","���ϵ�","�ش����","37280996","��纴��","199","36917","���ϵ� ����� ������ ������ 31","http://mg.dhu.ac.kr","054-550-7000","054-571-1540",""
"48","���ϵ��� ������������纴��","����","���ϵ�������������纴����ġ�׿����","���ϵ�","�ش����","37280040","��纴��","320","38646","���� ��ȷ� 23-10","gssilver.co.kr","053-816-3322","053-816-3305",""
"49","�Ǽ���������纴��","����","�Ǽ���������纴�� ��ġ �� ��� ���� ����","���ϵ�","�ش����","37283219","��纴��","170","37333","���ϵ� �Ǽ��� �Ǽ��� �����Ǽ��� 1122-30","http://www.uschp.kr","054-834-7400","054-834-9916",""
"50","����û�����ο�纴��","����","û���������ο�纴����ġ �� � ����","���ϵ�","�ش����","37280228","��纴��","95","38329","��� û���� ȭ���� ûȭ�� 79-7","����","054-370-5450","054-370-5555",""
"51","��ɱ�����纴��","����","��ɱ������κ������� ��ġ �� � ����","���ϵ�","�ش����","37280198","��纴��","94","40135","���ϵ� ��ɱ� �밡���� �߾ӷ� 31","gyhospital.co.kr","054-956-8700","054-956-8702",""
"52","ĥ������ο�纴��","����","ĥ��� �������� ��纴�� ��ġ �� � ����","���ϵ�","�ش����","37281691","��纴��","136","39912","���ϵ� ĥ� �ְ��� �ݳ�5�� 58","www.chilgok8899,kr","054-976-7777","054-976-7780",""
"53","��ȭ��������������纴��","����","��ȭ��������������纴����ġ �� �����","���ϵ�","�ش����","37280252","��纴��","139","36239","���ϵ� ��ȭ�� ��ȭ�� ���ر� 9","www.bhhospital.co.kr","054-674-0011","054-674-0010",""
"54","�������Ƿ����纴��","����","�Ƿ��","���ϵ�","�ش����","37282026","��纴��","75","36324","���ϵ� ������ ������ �����ױ� 71","http://www.umc.or.kr","054-785-7000","054-785-7622",""
"55","�︪�� ���ο�纴��","����","�︪�� �������� ��纴�� ��ġ �� �����","���ϵ�","�ش����","37281631","��纴��","42","40217","���ϵ� �︪�� �︪�� �︪��ȯ�� 396-18","����","054-790-6923","054-791-8843",""
"56","�ٷκ������� ��õ����","Ư������","������غ������","���뵿��","�ٷκ�������","31101208","���պ���","354","21417","��õ������ ���� ���׹̷� 446(���굿)","www.kcomwel.or.kr/hospital/incheon","032-500-0114","032-512-9932",""
"57","�ٷκ������� �Ȼ꺴��","Ư������","������غ������","���뵿��","�ٷκ�������","31101020","���պ���","462","15324","��⵵ �Ȼ�� ��ϱ� ����� 87(�ϵ�)","www.kcomwel.or.kr/hospital/ansan","031-500-1114","031-506-8002",""
"58","�ٷκ������� â������","Ư������","������غ������","���뵿��","�ٷκ�������","38100517","���պ���","260","51524","��󳲵� â���� ���걸 â����� 721(�߾ӵ�)","www.kcomwel.or.kr/hospital/changwon","055-280-7777","055-282-5578",""
"59","�ٷκ������� �뱸����","Ư������","������غ������","���뵿��","�ٷκ�������","37203631","����","235","41405","�뱸������ �ϱ� ������ 515(������)","www.kcomwel.or.kr/hospital/daegu","053-715-7575","053-715-7729",""
"60","�ٷκ������� ��õ����","Ư������","������غ������","���뵿��","�ٷκ�������","36100749","���պ���","270","57947","���󳲵� ��õ�� ���� 1�� 24(���ʵ�)","www.kcomwel.or.kr/hospital/suncheon","061-720-7114","061-720-7102",""
"61","�ٷκ������� ��������","Ư������","������غ������","���뵿��","�ٷκ�������","34100326","���պ���","294","34384","���������� ����� ������ 637(����)","www.kcomwel.or.kr/hospital/daejeon","042-670-5114","042-631-8260",""
"62","�ٷκ������� �¹麴��","Ư������","������غ������","���뵿��","�ٷκ�������","32100221","���պ���","464","26052","������ �¹�� ����̱�8(�强��)","www.kcomwel.or.kr/hospital/taebaek","033-580-3114","033-581-8547",""
"63","�ٷκ������� ���غ���","Ư������","������غ������","���뵿��","�ٷκ�������","32200935","����","333","25738","������ ���ؽ� ����� 11(�򸪵�)","www.kcomwel.or.kr/hospital/donghae","033-530-3100","033-532-3150",""
"64","�ٷκ������� ��������","Ư������","������غ������","���뵿��","�ٷκ�������","32200927","����","210","26129","������ ������ ������ ����1�� 145(����4��)","www.kcomwel.or.kr/hospital/jeongseon","033-560-7100","033-562-8110",""
"65","�ٷκ������� ����纴��","Ư������","������غ������","���뵿��","�ٷκ�������","31283543","��纴��","135","18558","��⵵ ȭ���� ������ �ֺ��� 465-4(ȭ����)","www.kcomwel.or.kr/hospital/gyeonggi","031-351-3083","031-351-3086",""
"66","���ֽø����ź���","�õ���","���ֱ����ø����ź��� �� ��纴�� ��ġ �� �����","���ֱ�����","�ش����","36201197","����","296","62407","���ֱ����� ���걸 �ﵵ�� 84-3(��ŵ�)","www.gcmh.or.kr","062-949-5200","062-944-5225",""
"67","���ֽø���1��纴��","�õ���","���ֱ����ø����ź��� �� ��纴�� ��ġ �� �����","���ֱ�����","�ش����","36280054","��纴��","263","62407","���ֱ����� ���걸 �ﵵ�� 84-3(��ŵ�)","www.gcdh.or.kr","062-949-5250","062-944-2526",""
"68","���ֽø���2��纴��","�õ���","���ֱ����ø����ź��� �� ��纴�� ��ġ �� �����","���ֱ�����","�ش����","36281603","��纴��","148","61748","���ֱ����� ���� ������ 100","www.gjcityhospital.or.kr","062-612-9800","062-612-9898",""
"69","ȣ���ǿ���Ȱ����","�õ���","����κ����� 59��, ���ֱ����� ȣ���ǿ���Ȱ���� ��ġ �� � ����","���ֱ�����","�ش����","36203718","����","173","61027","���ֱ����� �ϱ� �ϼ��� 590(���̵�)","http://honam.chosun.ac.kr","062-613-9000","062-573-2206",""
"70","�������б�����","Ư������","�������к��� ��ġ��","������","�������к���","32100213","���պ���","634","24289","������ ��õ�� ��ɷ� 156","https://www.knuh.or.kr","033-258-2000","",""
"71","�������ִ��б�ġ������","Ư������","��������ġ������ ��ġ��","������","��������ġ������","32400012","ġ������","15","25457","������ ������ ����� 7","http://www.gwnudh.or.kr","033-640-3114","033-640-3113",""
"72","�泲���б�����","Ư������","�������к��� ��ġ��","������","�������к���","34100016","������պ���","1353","35015","���������� �߱� ��ȭ�� 282","https://www.cnuh.co.kr","042-280-7100","",""
"73","��ϴ��б�����","Ư������","�������к��� ��ġ��","������","�������к���","37100017","������պ���","889","41944","�뱸������ �߱� ������ 130","http://www.knuh.kr/","053-200-5114","",""
"74","��ϴ��б�ġ������","Ư������","��������ġ������ ��ġ��","������","��������ġ������","37400592","ġ������","0","41940","�뱸������ �߱� �ޱ������ 2175����","http://www.knudh.kr/","053-600-7114","053-600-7113",""
"75","ĥ���ϴ��б�����","Ư������","�������к��� ��ġ��","������","�������к���","37100467","���պ���","605","41404","�뱸������ �ϱ� ȣ���� 807","http://www.knumc.org/","053-200-2114","053-200-3339",""
"76","���ִ��б�����","Ư������","�������к�����ġ��","������","�������к���","39100103","���պ���","633","63241","����Ư����ġ�� �ƶ�13�� 15(�ƶ��ϵ�)","http://www.jejunuh.co.kr","064-717-1114","064-757-8276",""
"77","�λ���б�����","Ư������","�������к��� ��ġ��","������","�������к���","21100021","������պ���","1310","49241","�λ걤���� ���� ������ 179","http://www.pnuh.or.kr/pnuh","051-240-7000","",""
"78","���λ���б�����","Ư������","�������к��� ��ġ��","������","�������к���","38100509","������պ���","1174","50612","�泲 ���� ������ �ݿ��� 20","http://www.pnuyh.or.kr/pnuh","055-360-1000","",""
"79","�λ���б��ѹ溴��","Ư������","�������к��� ��ġ��","������","�������к���","38920280","�ѹ溴��","100","50612","�泲 ���� ������ �ݿ��� 20","http://www.pnukh.or.kr/pnuch","055-360-5555","",""
"80","�λ���б�ġ������","Ư������","��������ġ������ ��ġ��","������","��������ġ������","38400286","ġ������","30","50612","��󳲵� ���� ������ �ݿ��� 20","http://www.pnudh.co.kr/pnudh","055-360-5114","",""
"81","���ϴ��б�����","Ư������","�������к��� ��ġ��","������","�������к���","35100010","������պ���","1102","54907","����ϵ� ���ֽ� ������ ������ 20","http://www.cuh.co.kr","1577-7877","063-275-4291",""
"82","���ϴ��б� ġ������","Ư������","��������ġ������ ��ġ��","������","��������ġ������","35400064","ġ������","0","54907","����ϵ� ���ֽ� ������ ������ 20","http://dental.cuh.co.kr/","1577-7877","",""
"83","�����б�����","Ư������","�������к�����ġ��","������","�������к���","38100215","������պ���","919","52727","��󳲵� ���ֽ� ������ 79 �����б�����","https://www.gnuh.co.kr","055-750-8000","055-750-9094",""
"84","â�������б�����","Ư������","�������к�����ġ��","������","�������к���","38100631","���պ���","400","54172","��󳲵� â���� ���걸 �����ڷ� 11","https://www.gnuch.co.kr","055-214-1000","055-214-1031",""
"85","��ϴ��б�����","Ư������","�������к�����ġ��","������","�������к���","33100128","������պ���","720","28644","��� û�ֽ� ������ 1��ȯ�� 776 ��ϴ��б�����","https://www.cbnuh.or.kr/","043-269-6114","",""
"86","������б�����","Ư������","������б����� ��ġ��","������","������б�����","11100079","������պ���","1786","003-080","����Ư���� ���α� ���з� 101","http://www.snuh.org/","02-2072-2114","",""
"87","�д缭����б�����","Ư������","������б����� ��ġ��","������","������б�����","31100813","������պ���","1318","13620","��⵵ ������ �д籸 ���̷� 173���� 82","https://www.snubh.org/","031-787-1009","031-787-4020",""
"88","������б�ġ������","Ư������","������б�ġ������ ��ġ��","������","������б�ġ������","11400668","ġ������","40","003-080","����Ư���� ���α� ���з� 101","http://www.snudh.or.kr/","02-2072-2655","",""
"89","�������б�����","Ư������","�������к��� ��ġ��","������","�������к���","36100013","������պ���","1013","501-757","���ֱ����� ���� ������ 42","http://www.cnuh.com","062-220-5011","062-225-8330",""
"90","ȭ���������б�����","Ư������","�������к��� ��ġ��","������","�������к���","36100498","������պ���","683","519-763","���󳲵� ȭ���� ȭ���� ����� 322","https://www.cnuhh.com/","1899-0000","",""
"91","�������������б�����","Ư������","�������к��� ��ġ��","������","�������к���","36203947","����","189","503-340","���ֱ����� ���� ������ 80","http://www.cnubh.com/","062-670-9415","",""
"92","�������б�ġ������","Ư������","��������ġ������ ��ġ��","������","��������ġ������","36400122","ġ������","14","500-757","���ֱ����� �ϱ� ����� 33","http://www.cnudh.co.kr/","062-530-5500","062-530-5590",""
"93","�ѱ����ƺ����Ƿ���� �߾Ӻ��ƺ���","Ư������","�ѱ����ƺ����Ƿ���ܹ�","��������ó","�ѱ����ƺ����Ƿ����","11100231","���պ���","1001","005-368","����� ������ ��Ȳ���� 61�� 53","http://seoul.bohun.or.kr","02-2225-1111","02-2225-4364",""
"94","�ѱ����ƺ����Ƿ���� �λ꺸�ƺ���","Ư������","�ѱ����ƺ����Ƿ���ܹ�","��������ó","�ѱ����ƺ����Ƿ����","21100292","���պ���","546","46996","�λ걤���� ��� ����� 420","http://busan.bohun.or.kr","051-601-6000","051-601-6079",""
"95","�ѱ����ƺ����Ƿ���� �뱸���ƺ���","Ư������","�ѱ����ƺ����Ƿ���ܹ�","��������ó","�ѱ����ƺ����Ƿ����","37100220","���պ���","498","42835","���ֱ����� ���걸 ÷�ܿ����� 99","http://gwangju.bohun.or.kr/","062-602-6114","062-602-6980",""
"96","���ֺ��ƺ���","Ư������","�ѱ����ƺ����Ƿ���ܹ�","��������ó","�ѱ����ƺ����Ƿ����","36100137","���պ���","584","62284","�뱸������ �޼��� ����� 60","http://daegu.bohun.or.kr/","053-630-7000","053-630-7089",""
"97","�������ƺ���","Ư������","�ѱ����ƺ����Ƿ���ܹ�","��������ó","�ѱ����ƺ����Ƿ����","34100237","���պ���","398","34314","���������� ����� ��û�� 82���� 147","http://daejeon.bohun.or.kr","042-939-0114","042-934-4401",""
"98","������������","����","����������","�����","�ش����","11202009","����","30","003-050","����� ���α� ��û��10�� 13","����","02-397-3990","02-397-3999",""
"99","�����λ꺴��","����","����������","�����","�ش����","21201137","����","260","48067","�λ�Ư���� �ؿ�뱸 ���Ƿ�186","����","051-702-9147","051-703-9147",""
"100","������������","����","����������","�����","�ش����","34200461","����","575","34059","������ ������ �ڿ�� 90","����","1688-9152","042-861-8188",""
"101","�����ϵ�����","����","����������","�����","�ش����","31201539","����","250","11123","��⵵ ��õ�� ȭ���� ȭ���� 564","����","031-531-0803","031-531-0803",""
"102","����û�򺴿�","����","����������","�����","�ش����","31201521","����","350","12402","��⵵ ���� û��� ����� 926","����","031-585-6100","031-584-9579",""
"103","�������ֺ���","����","����������","�����","�ش����","31201547","����","500","11506","��⵵ ���ֽ� ������ ȭ�շ� 1133","����","031-863-1319","031-863-6465",""
"104","������纴��","����","����������","�����","�ش����","31201555","����","250","10268","��⵵ ���� ���籸 ������ 215","����","031-963-6657","031-914-9902",""
"105","������������","����","����������","�����","�ش����","31100759","���պ���","660","13574","��⵵ ������ �д籸 �������� 177���� 81","����","031-725-5490","031-706-0987",""
"106","������õ����","����","����������","�����","�ش����","32200293","����","230","24207","������ ��õ�� ����� 57��","����","033-243-0130","033-243-6250",""
"107","����ȫõ����","����","����������","�����","�ش����","32200307","����","230","25164","������ ȫõ�� ���̸� ��ȩ�縮�� 43","����","033-435-0473","033-435-2511",""
"108","������������","����","����������","�����","�ش����","32200315","����","180","25422","������ ������ �ֹ����� ���ش�� 4371-34","����","033-662-7802","033-662-5540",""
"109","���������ǿ�","����","����������","�����","�ش����","32315597","�ǿ�","29","26304","������ ���ֽ� ���ʸ� �Ͽ��� 3223����","����","033-735-0181","033-735-5074",""
"110","��κ���(21��� �ǹ���)","����","����������","�����","�ش����","32200781","����","59","24513","������ �籸�� �籸�� �ݰ���� 510 ��κ���","����","033-480-5103","",""
"111","�����װ������Ƿ��","����","����������","�����","�ش����","33200912","����","100","363-849","��� û���� ���ϸ� ����� 635 �缭�� 335-21ȣ","����","043-290-5420","",""
"112","������������","����","����������","�����","�ش����","34200487","����","36","321-929","�泲 ���� �ŵ��ȸ� �γ��� �缭�� 501-37ȣ","����","042-550-4758","",""
"113","�����Ʒü� ��������","����","����������","�����","�ش����","34200479","����","100","320-832","�泲 ���� ������ ��ȴ�� 450-8, �缭��76-16ȣ","����","041-740-7812","",""
"114","�������򺴿�","����","����������","�����","�ش����","36200883","����","500","57116","���� ���� �غ��� ���ط� 1027","����","061-390-5114","061-324-1763",""
"115","�����뱸����","����","����������","�����","�ش����","37200674","����","500","38427","��� ���� �Ͼ��� ��ȣ�� ���� 425-41","����","053-750-1716","053-854-0822",""
"116","�ر��ؾ��Ƿ��","����","����������","�����","�ش����","38200988","����","160","51698","�泲 â���� ���ر� ���ش�� 963�ر��ؾ��Ƿ��","����","055-549-1727","055-547-9437",""
"117","�ر����׺���","����","����������","�����","�ش����","37200682","����","120","790-909","��� ���׽� ���� ��õ�� �湫�� 70 �缭�� 209-141ȣ","����","054-290-2452","054-290-2405",""
"118","����������Ȱ����","����","�ڵ������ع����� ��31��","���䱳���","�ش����","31209601","����","174","12564","��⵵ ���� ������ �߾ӷ� 260","www.cmcntrh.or.kr","031-580-5555","031-580-5209",""
"119","�뱸�Ƿ��","Ư������","�����Ƿ���� ���� �� ��� ���� ����","�뱸������","�����Ƿ��","37100181","���պ���","544","41845","�뱸������ ���� �򸮷� 157","http://www.daegumc.co.kr","053-560-7575","053-556-4465",""
"120","�뱸������ ����������������","�õ���","�뱸������ ��������������ġ.�����","�뱸������","�ش����","37280104","��纴��","251","42280","�뱸������ ������ ���Ϲ��þƵ�� 365","www.yes-naebumo.or.kr","053-812-1212","053-812-9600",""
"121","�뱸������ ���γ�����������","�õ���","�뱸������ ��������������ġ.�����","�뱸������","�ش����","37280856","��纴��","242","41845","�뱸������ ���� �ͷ�� 298-13����","http://dgsbgh.daegumc.co.kr","053-570-7575","053-570-7640",""
"122","�뱸���ź���","�õ���","�뱸������ �뱸���ź��� ��ġ �� ��� ���� ����","�뱸������","�ش����","37204491","����","360","42694","�뱸������ �޼��� ȭ���� ��õ�� 58","http://www.daegumental.co.kr","053-630-3000","053-632-9233",""
"123","���������ø���1������������","�õ���","���������� ��������������ġ �� �����","����������","�ش����","34280189","��纴��","199","34101","���������� ������ ������� 1422(������)","http://www.ilovenoin.com","042-280-5000","042-280-5001",""
"124","���������ø����ź���","�õ���","���������ø����ź��� ��ġ����","����������","�ش����","34200509","����","199","34206","���������� ������ ���῾�� 135���� 87(���ϵ�)","http://www.ssbw.co.kr/","042-823-4401","042-823-4405",""
"124","���������ø����ź���","�õ���","���������ø����ź��� ��ġ����","����������","�ش����","34200509","����","199","34206","���������� ������ ���῾�� 135���� 87(���ϵ�)","http://www.ssbw.co.kr/","042-823-4402","",""
"124","���������ø����ź���","�õ���","���������ø����ź��� ��ġ����","����������","�ش����","34200509","����","199","34206","���������� ������ ���῾�� 135���� 87(���ϵ�)","http://www.ssbw.co.kr/","042-823-4403","",""
"124","���������ø����ź���","�õ���","���������ø����ź��� ��ġ����","����������","�ش����","34200509","����","199","34206","���������� ������ ���῾�� 135���� 87(���ϵ�)","http://www.ssbw.co.kr/","042-823-4404","",""
"124","���������ø����ź���","�õ���","���������ø����ź��� ��ġ����","����������","�ش����","34200509","����","199","34206","���������� ������ ���῾�� 135���� 87(���ϵ�)","http://www.ssbw.co.kr/","042-823-4405","",""
"125","���������ø���2������������","�õ���","���������� ��������������ġ �� �����","����������","�ش����","34281231","��纴��","132","34712","���������� ���� �곻�� 300(�ϼҵ�)","http://www.cmisilverdaejeon.com/","042-272-9633","042-272-9636",""
"126","���������ں���","Ư������","���������ڻ�������","���Ǻ�����","���������ڻ�","11100109","���պ���","260","003-181","����Ư���� ���α� �����ȷ� 9","www.rch.or.kr/seoul","02-2002-8000","02-738-5664",""
"127","��õ�����ں���","Ư������","���������ڻ�������","���Ǻ�����","���������ڻ�","31100261","���պ���","150","21935","��õ������ ������ ������� 263","www.rch.or.kr/incheon","032-899-4000","032-899-4240",""
"128","���������ں���","Ư������","���������ڻ�������","���Ǻ�����","���������ڻ�","37100408","���պ���","221","37199","���ϵ� ���ֽ� �󼭹��� 53","www.rch.or.kr/sangju","054-534-3501","054-530-3000",""
"129","�뿵�����ں���","Ư������","���������ڻ�������","���Ǻ�����","���������ڻ�","38200121","����","110","53061","��󳲵� �뿵�� �߾ӷ� 97","www.rch.or.kr/tongyeong","055-644-8901","055-644-8908",""
"130","��â�����ں���","Ư������","���������ڻ�������","���Ǻ�����","���������ڻ�","38200163","����","96","50132","��󳲵� ��â�� ��â�� �߾ӷ� 91","www.rch.or.kr/geochang","055-944-3251","055-943-2373",""
"131","�����Ƿ���Ȱ���ͺ���","Ư������","���������ڻ�������, ����κ�����","���Ǻ�����, ��õ������","���������ڻ�","31283756","��纴��","110","21935","��õ������ ������ ������� 263","www.rch.or.kr/gyeongin","032-899-4000","032-899-4480",""
"132","�ѱ����ڷ����п����ڷº���","Ư������","��缱 �� ��缺�������� �̿������","�̷�â�����к�","�ѱ����ڷ����п�","11101296","���պ���","490","139-706","����� ����� ����� 75","www.kirams.re.kr","02-970-2114","02-978-2005",""
"133","�����ǿ��ڷ����п�","Ư������","��缱 �� ��缺�������� �̿������","�̷�â�����к�","�ѱ����ڷ����п�","21100624","���պ���","276","619-953","�λ걤���� ���屺 ����� �µ��� 40","www.dirams.re.kr","051-720-5114","051-720-5992",""
"134","������������(ġ�ᰨȣ��)","����","�����ο� �� �Ҽӱ�� ����","������","�ش����","34282319","����","0","314-716","��û���� ���ֽ� ������ �����ʱ��� 253","www.moj.go.kr/HP/TSPB","041-840-5400","041-840-5404",""
"135","������Ȱ��","����","���Ǻ����ο� �� �Ҽӱ�� ����","���Ǻ�����","�ش����","11202483","����","298","001-022","����Ư���� ���ϱ� �ﰢ��� 58 ������Ȱ��","http://www.nrc.go.kr","02-901-1700","02-902-3763",""
"136","�������Űǰ�����","����","���Ǻ����ο� �� �Ҽӱ�� ����","���Ǻ�����","�ش����","11200171","����","236","004-933","����Ư���� ������ �븶��� 127","www.ncmh.go.kr","02-2204-0114","02-2204-0389",""
"137","�������ֺ���","����","���Ǻ����ο� �� �Ҽӱ�� ����","���Ǻ�����","�ش����","36200140","����","450","58213","���󳲵� ���ֽ� ������ ������ 1328-31����","http://www.najumh.go.kr","061-330-4114","061-330-4150",""
"138","�����ΰ��","����","���Ǻ����ο� �� �Ҽӱ�� ����","���Ǻ�����","�ش����","38200601","����","650","635-893","��󳲵� â�籺 �ΰ�� �ΰ�� 145","www.bgnmh.go.kr","055-536-6440","055-536-6444",""
"139","������õ����","����","���Ǻ����ο� �� �Ҽӱ�� ���� �����Ģ","���Ǻ�����","�ش����","32200226","����","320","24409","������ ��õ�� ������ 824","www.cnmh.go.kr","033-260-3000","033-260-3003",""
"140","�������ֺ���","����","���Ǻ����ο� �� �Ҽӱ�� ����","���Ǻ�����","�ش����","34200762","����","370","32601","��û���� ���ֽ� ���Ƽ�� 623-21","http://www.knmh.go.kr/","041-850-5700","041-853-2095",""
"141","���ΰǰ�������� �ϻ꺴��","Ư������","���ΰǰ������","���Ǻ�����","���ΰǰ��������","31100678","���պ���","746","410-719","��⵵ ���� �ϻ굿�� �ϻ�� 100","www.nhimc.or.kr","031-900-0114","031-900-0049",""
"142","�����ϼ���","Ư������","�ϰ�����","���Ǻ�����","�����ϼ���","31100741","���պ���","571","410-769","��⵵ ���� �ϻ굿�� �ϻ�� 323����","www.ncc.re.kr","1588-8110","031-920-1918","�� ��������� ���� ���� : ����ġ�� 2������ �㰡���� ����"
"143","������������","����","���Ǻ����ο� �� �Ҽӱ�� ����","���Ǻ�����","�ش����","36200191","����","204","58605","���󳲵� ������ �������� 1�� 75(������ 45)","http://www.tbmokpo.go.kr","061-280-1114","061-283-2578",""
"144","�������꺴��","���α��","���Ǻ����ο� �� �Ҽӱ�� ����","���Ǻ�����","�ش���� ����","38200074","����","202","51755","��󳲵� â���� ���������� ������ 215","http://www.mnth.go.kr/","055-246-1141","055-242-1135","���� ���� ������"
"145","�����߾��Ƿ��","Ư������","�����߾��Ƿ���� ���� �� ��� ���� ����","���Ǻ�����","�����߾��Ƿ��","11101318","���պ���","466","100-799","����Ư���� �߱� ������ 245","www.nmc.or.kr","02-2260-7114","02-2262-4739",""
"146","�����ҷϵ�����","����","���Ǻ����ο� �� �Ҽӱ�� ����","���Ǻ�����","�ش����","36200450","����","700","59562","���� ���ﱺ ������ �ҷ��ؾȱ� 65","www.sorokdo.go.kr","061-840-0500","061-840-0517",""
"147","�λ�ø����ź���","�õ���","�λ걤���ø����ź��� ��ġ �� � ����","�λ걤����","�ش����","21202818","����","331","47055","�λ걤���� ��� �а���� 39���� 104-36","www.bmmh.or.kr","051-312-2288","051-313-3399",""
"148","�λ����������1����","�õ���","�λ걤���� ��������������ġ �� � ����","�λ걤����","�ش����","21280088","��纴��","199","46591","�λ걤���� �ϱ� �Թں��� 98","www.busangh.co.kr","051-342-7272","051-342-7373",""
"149","�λ����������2����","�õ���","�λ걤���� ������������ ��ġ �� � ����","�λ걤����","�ش����","21280991","��纴��","188","47527","�λ걤���� ������ �����Ŵ�� 359","www.busangh.or.kr","051-607-2075","051-607-2083",""
"150","�λ걤�����Ƿ��","Ư������","�����Ƿ���� ���� �� ��� ���� ����","���Ǻ�����(�λ걤����)","�����Ƿ��","21100209","���պ���","502","47527","�λ걤���� ������ �����Ŵ�� 359","www.busanmc.or.kr","051-507-3000","051-507-3001",""
"151","�λ����������3����","�õ���","�λ걤���ó�������������ġ �� � ����","�λ걤����","�ش����","21282633","��纴��","252","48064","�λ걤���� �ؿ�뱸 �ؿ��� 469�� ����77(�쵿)","www.busangh.com","051-780-5555","051-780-5558",""
"152","�λ�������� ��4����","�õ���","�λ걤���� ������������ ��ġ �� �����","�λ걤����","�ش����","21283257","��纴��","216","49415","�λ걤���� ���ŷ� 44���� 4","�λ����������4����.com","051-202-1370","051-202-2354",""
"153","����Ư���� ��̺���","�õ���","����Ư���� �ø����� ��ġ �� ��� ��������","����Ư����","�ش����","11200545","����","250","006-801","����Ư���� ���ʱ� �帪�� 260 (��� ,����ø���̺���)","http://childhosp.seoul.gol.kr","02-570-8000","02-570-8324",""
"154","����Ư���� ���Ϻ���","�õ���","����Ư���� �ø����� ��ġ �� ��� ��������","����Ư����","�ش����","11200278","����","452","003-433","����Ư���� ���� ������7��  49","htt://sbhosp.seoul.go.kr/","02-3156-3000","02-385-9393",""
"155","����Ư���� ���򺴿�","�õ���","����Ư���� �ø����� ��ġ �� ��� ��������","����Ư����","�ش����","11200286","����","309","003-476","����Ư���� ���� ��û�� 90(���ϵ�)","http://ephosp.seoul.go.kr","02-300-8114","02-300-8097",""
"156","����Ư���� �����Ƿ��","Ư������","�����Ƿ���� ���� �� ��� ���� ����","���Ǻ�����(����Ư����)","�����Ƿ��","11101326","���պ���","623","002-053","����� �߶��� �ų��� 156","http://www.seoulmc.or.kr/","02-2276-7000","02-2276-7093",""
"157","����Ư���� �����Ƿ�� �����п�","Ư������","�����Ƿ���� ���� �� ��� ���� ����","���Ǻ�����(����Ư����)","�����Ƿ��","11205768","����","30","006-171","����Ư���� ������ �������114�� 43","http://kn.seoulmc.or.kr/","02-3430-0200","02-554-2947",""
"158","����Ư���� ����ź���","�õ���","����Ư���� �ø����� ��ġ �� ��� ��������","����Ư����","�ش����","11100249","���պ���","763","007-061","����Ư���� ���۱� ����ŷ�5�� 20","http://www.brmh.org","02-870-2114","02-831-0206",""
"159","����Ư���� ���κ���","�õ���","����Ư���� �ø����� ��ġ �� ��� ��������","����Ư����","�ش����","11100133","���պ���","204","002-584","����Ư���� ���빮�� ���з� 124","www.dbhosp.go.kr","02-920-9114","02-920-9219",""
"160","����Ư���� �Ϻκ���","�õ���","����Ư���� �ø����� ��ġ �� ��� ��������","����Ư����","�ش����","11204516","����","200","002-062","����Ư���� �߶��� ������� 38","www.seoulnmh.net","02-2036-0200","02-2036-0359",""
"161","����Ư���� ��������","�õ���","����Ư���� �ø����� ��ġ �� ��� ��������","����Ư����","�ش����","11205814","����","331","008-049","����Ư���� ��õ�� ��������1�� 20(������)","www.eussh.org","02-6300-9000","02-6300-9136",""
"162","����Ư���� �����ġ������","�õ���","����Ư���� �ø����� ��ġ �� ��� ��������","����Ư����","�ش����","11400757","ġ������","0","004-706","����Ư���� ������ ����� 207","http://www.sdh.go.kr/","02-2282-0001","02-2282-0002",""
"163","����Ư���� �������ź���","�õ���","����Ư���� �ø����� ��ġ �� ��� ��������","����Ư����","�ش����","31202292","����","178","17089","��⵵ ���ν� ���ﱸ �ߺδ�� 940","http://www.yonginmh.co.kr","031-284-4010","031-284-4019",""
"164","����ø� ������ź���","�õ���","����Ư���� �ø����� ��ġ �� ��� ��������","����Ư����","�ش����","31201857","����","296","17182","��⵵ ���ν� ó�α� ��ϸ� ��õ�� 71���� 30","www.baekammh.or.kr","031-332-3194","031-332-3197",""
"165","����Ư���� ������ź���","�õ���","����Ư���� �ø����� ��ġ �� ��� ��������","����Ư����","�ش����","31202268","����","273","12025","��⵵ �����ֽ� ������ �ܹ�� 172���� 58","www.crmh.or.kr","031-592-6661","031-592-6665",""
"165","����Ư���� ������ź���","�õ���","����Ư���� �ø����� ��ġ �� ��� ��������","����Ư����","�ش����","31202268","����","273","12025","��⵵ �����ֽ� ������ �ܹ�� 172���� 58","www.crmh.or.kr","031-592-6662","",""
"165","����Ư���� ������ź���","�õ���","����Ư���� �ø����� ��ġ �� ��� ��������","����Ư����","�ش����","31202268","����","273","12025","��⵵ �����ֽ� ������ �ܹ�� 172���� 58","www.crmh.or.kr","031-592-6663","",""
"165","����Ư���� ������ź���","�õ���","����Ư���� �ø����� ��ġ �� ��� ��������","����Ư����","�ش����","31202268","����","273","12025","��⵵ �����ֽ� ������ �ܹ�� 172���� 58","www.crmh.or.kr","031-592-6664","",""
"166","������ź���","�õ���","����Ư���� �ø����� ��ġ �� ��� ��������","����Ư����","�ش����","31202543","����","299","10264","��� ���� ���籸 ���Ϸ� 1102���� 46","http://www.kymhosp.com/","031-969-0885","031-962-2325",""
"167","���������ູ��纴��","����","����Ư���� ������ ������������ ��ġ �� ��� ���� ����","����Ư����","�ش����","11282061","��纴��","307","006-366","����� ������ �帪�� 590�� 60","http://www.gangnamguhospital.kr","02-6053-2114","02-6053-2119",""
"168","��������","����","����û�� �� �Ҽӱ�� ����","����û","�ش����","11100176","���պ���","289","005-715","����Ư���� ���ı� ���̷� 123","www.nph.go.kr","02-3400-1114","02-3400-1571",""
"169","��걤���ø����κ���","�õ���","��걤���ø����κ��� ��ġ �� � ����","��걤����","�ش����","38280221","��纴��","100","689-901","��걤���� ���ֱ� �¾��� ������ 243 (����)","www.ulsangh.co.kr","052-231-7900","052-231-7999",""
"170","��õ�ø�ġ�ſ�纴��","�õ���","��õ�����ø�����ġ�ſ�纴�� ��ġ �� � ����","��õ������","�ش����","31280544","��纴��","145","22714","��õ������ ���� �ɰ�� 132���� 21-1","www.icesh.co.kr","032-562-5101","032-566-4335",""
"171","��õ��2�ø� ����ġ�ſ�纴��","�õ���","��õ�����ýø�����ġ�ſ�纴�� ��ġ �� � ����","��õ������","�ش����","31283080","��纴��","103","21002","��õ������ ��籸 �帲�� 852","http://www.hallymsh.net/","032-554-8300","032-554-8308",""
"172","��õ�������Ƿ��","Ư������","�����Ƿ�������׿�����ѹ���","��õ������","�ش����","31100015","���պ���","304","22532","��õ������ ���� ����� 217","http://www.icmc.or.kr/","032-580-6000","032-583-7746",""
"173","��õ�������Ƿ�� ��ɺ���","Ư������","�����Ƿ�������׿�����ѹ���","��õ������","�ش����","31202098","����","30","23101","��õ������ ������ ��ɷ� 233","http://www.icmc.or.kr/","032-836-1731","032-836-0118",""
"174","���ﱺ��������������纴��","�ñ�����","���ﱺ ��������������纴�� ��ġ �� � ����","���󳲵�","�ش����","36280437","��纴��","117","59535","���󳲵� ���ﱺ ������ ����� 1941","http:www.kgh.co.kr","061-830-3400","061-832-1995",""
"175","�������� ����������纴��","�ñ�����","�������� ������������ ��ġ �� ��� ���� ����","���󳲵�","�ش����","36280364","��纴��","133","59431","���󳲵� ������ ������ ���Ϸ� 4-10","www.sshp.co.kr","061-859-9000","061-857-9001",""
"176","����ð��� ����������纴��","�ñ�����","����ð�������������纴����ġ�׿����","���󳲵�","�ش����","36280721","��纴��","141","57773","���󳲵� ����� ����� 91(����)","www.gyghospital.co.kr","061-798-8602","061-792-5604","2014.6(����Ź)"
"177","������������纴��","�ñ�����","������������������������纴����ġ�׿����","���󳲵�","�ش����","36280119","��纴��","70","57035","���󳲵� ������ ������ �ͷ�� 3-1","www.ygmc.co.kr","061-353-5050","061-353-6900",""
"178","�������ȱ� ����������纴��","�ñ�����","�������ȱ�����������纴�� ��ġ �����","���󳲵�","�ش����","36280216","��纴��","114","58532","���󳲵� ���ȱ� ��������ź�� 51-12","http://www.muansh.co.kr","061-453-7007","061-453-7223",""
"179","������ ����������纴��","�ñ�����","������ ����������纴�� ��ġ �� � ����","���󳲵�","�ش����","36280224","��纴��","70","58933","���󳲵� ������ �ǽŸ� ����� 31","����","061-542-3004","061-542-3005",""
"180","�������Ƿ��","Ư������","�����Ƿ���� ���� �� ��� ���� ����","���Ǻ�����(���󳲵�)","�����Ƿ��","36100226","���պ���","299","58701","���󳲵� ������ ���ص� 133-1����","http://www.mokpomc.or.kr","061-260-6500","061-279-3242",""
"181","���󳲵� ��õ�Ƿ��","Ư������","�����Ƿ���� ���� �� ��� ���� ����","���Ǻ�����(���󳲵�)","�����Ƿ��","36200328","����","272","57940","���󳲵� ��õ�� �������ͱ� 2","http://jsmc.or.kr","061-759-9114","061-752-7683",""
"182","���󳲵� �����Ƿ��","Ư������","�����Ƿ���� ���� �� ��� ���� ����","���Ǻ�����(���󳲵�)","�����Ƿ��","36200271","����","180","59227","���󳲵� ������ ������ Ž���� 5����","www.gimed.or.kr","061-433-2167","061-434-4736",""
"183","����� ����������纴��","�ñ�����","�������������������ġ �� �����","���󳲵�","�ش����","36280712","��纴��","130","57515","���󳲵� ��� ��� ����� 1756����","http://www.gshospital.kr/","061-360-9000","061-363-6020",""
"184","������ ����������纴��","�ñ�����","�����ó���������纴����ġ �� �����","���󳲵�","�ش����","36280704","��纴��","125","59696","���󳲵� ������ �д�5�� 29(471-100����)","http://www.ysss.co.kr/","061-653-9119","061-653-8390",""
"185","�žȱ� ����������纴��","�ñ�����","�žȱ� ���� ������������ ��ġ �� �����","���󳲵�","�ش����","36281531","��纴��","80","58824","���󳲵� �žȱ� ������ ���ױ� 92-50","����","061-260-2700","061-260-2704",""
"186","�强���� ����������纴��","�ñ�����","�强����������������纴����ġ �� �����","���󳲵�","�ش����","36280828","��纴��","168","57221","���󳲵� �强�� �强�� �����ȱ� 100 (��긮 489-5)","www.jsgh.or.kr","061-395-1170","061-395-1174",""
"187","ȭ��������������","�ñ�����","ȭ����������������ġ �� ��� ���� ����","���󳲵�","�ش����","36281174","��纴��","192","58129","���󳲵� ȭ���� ȭ���� ����� 330","www.cnuhgh.com","061-379-6114","061-379-6010",""
"188","�������纴��(���򱺰�����纴��)","�ñ�����","���򱺰�����纴�� ��ġ�� �����","���󳲵�","�ش����","36281565","��纴��","242","57158","���󳲵� ���� �б��� �б�ȭ��� 16-19","www.hp8119.co.kr","061-322-4119","061-322-6119",""
"189","���ֱ��Ƹ��ٿ������������","�ñ�����","���ֱ�ġ�ſ�纴����ġ�����","����ϵ�","���ֱ�","35280336","��纴��","85","55360","���� ���ֱ� ����� ��ġ�� 44-54","http;//www.shofbeauty.com","063-717-3300","063-717-3304",""
"190","����ϵ� �����������","������","����ϵ� �������� ��ġ �� � ����","����ϵ�","�ش����","35200413","����","631","55347","���� ���ֱ� �Ҿ�� �Ҿ�� 465-23","http://www.maeumsarang.co.kr","063-240-2100","063-240-2117",""
"191","�ξȱ����ο�纴��","�ñ�����","�ξȱ�����������纴����ġ�׿����","����ϵ�","�ش����","35280469","��纴��","113","579-805","����ϵ� �ξȱ� �ξ��� ���α� 68","����","063-581-9116","063-581-9369",""
"192","���ֽó��κ�������","�ñ�����","���ֽó��κ���������ġ�� �����","���Ǻ�����(����ϵ�)","�ش����","35280034","��纴��","191","55071","����ϵ� ���ֽ� �ϻ걸 �ɾ��ڱ��� 80","www.naebumo.or.kr","063-220-9700","063-221-0223",""
"193","�����ø���纴��","�ñ�����","������ �ø���纴�� ��ġ �׿ ����","����ϵ�","�ش����","35280255","��纴��","184","56194","����ϵ� ������ �ݺ�1�� 160-15","www.jcgh.kr","063-531-0075","063-531-0076",""
"194","����ϵ� �����Ƿ��","Ư������","�����Ƿ���� ���� �� ��� ���� ����","���Ǻ�����(����ϵ�)","�����Ƿ��","35100087","���պ���","288","55726","����ϵ� ������ ������ 365����(���׵�)","www.namwonmed.or.kr","063-620-1114","063-620-1196",""
"195","����ϵ� �������ο�纴��","�õ���","����ϵ� �������� ��ġ �� � ����","���Ǻ�����(����ϵ�)","�ش����","35280808","��纴��","220","55730","����ϵ� ������ �꼺�� 51-15(��)","www.nwhospital.co.kr","063-630-7777","063-630-7700",""
"196","����ϵ� �����Ƿ��","Ư������","�����Ƿ�� ���� �� ��� ���ѹ���","���Ǻ�����(����ϵ�)","�����Ƿ��","35100095","���պ���","420","54105","����ϵ� ����� �Ƿ���� 27","http://kunmed.or.kr","063-472-5000","063-472-5400",""
"197","����ϵ� ��â���ο�纴��","�õ���","����ϵ� �������� ��ġ �� � ����","���Ǻ�����(����ϵ�)","�ش����","35280786","��纴��","143","56442","����ϵ� ��â�� ���ε���� 1765","www.gchospital.net/care/main.html","063-560-6100","063-563-7600",""
"198","���ȱ��Ƿ��","����","�����Ƿ���� ���� �� ��� ���� ����","���Ǻ�����(���ȱ�)","�����Ƿ��","35202017","����","85","55422","����ϵ� ���ȱ� ������ ������ 1145","http://jmc4307000@naver.com","063-430-7000","063-430-7002",""
"199","����Ư����ġ�� �����Ƿ��","Ư������","�����Ƿ���� ���� �� ��� ���� ����","���Ǻ�����(����Ư����ġ��)","�����Ƿ��","39200205","����","200","63243","����Ư����ġ�� ���ֽ� ��õ�� ���� 10","http://www.jejumed.com","064-720-2107","064-724-2102",""
"200","�����Ƿ�� �μ� ��纴��","Ư������","�Ƿ��","���Ǻ�����(����Ư����ġ��)","�����Ƿ��","39280233","��纴��","100","63243","����Ư����ġ�� ���ֽ� ��õ�� ���� 10","http://www.jejumed.com","064-720-2131","064-724-2102",""
"201","����Ư����ġ�� �������Ƿ��","Ư������","�����Ƿ���� ���� �� ��� ���� ����","���Ǻ�����(����Ư����ġ��)","�����Ƿ��","39100090","���պ���","247","63585","����Ư����ġ�� �������� ����� 47(��ȫ��)","http://.www.smed.or.kr","064-730-3101","064-760-0009",""
"202","���ֱǿ���Ȱ����","�õ���","����κ�����","���Ǻ�����(����Ư����ġ��)","�ش����","3920337","����","98","63590","����Ư����ġ�� �������� ������ 1","http://www.jrh.or.kr","064-730-9000","064-762-0027",""
"203","��û���� õ���Ƿ��","Ư������","�����Ƿ���� ���� �� ������ѹ���","���Ǻ�����(��û����)","�����Ƿ��","34100156","���պ���","242","31071","õ�Ƚ� ������ ������ 537(��浿)","http://www.camc.or.kr","041-570-7200","041-570-7013",""
"204","õ�Ƚø�������������","�ñ�����","õ�Ƚø���������������ġ �� ��� ���� ���� ��10��","��û����","�ش����","34281304","��纴��","144","31064","õ�Ƚ� ������ ��õ�� ���� 735(õ�Ƚø����κ���)","http://www.cheonangh.co.kr/","041-551-1114","041-521-1239",""
"205","��û���� �����Ƿ��","Ư������","�����Ƿ���� ���� �� ��� ���� ����","���Ǻ�����(��û����)","�����Ƿ��","34100130","���պ���","202","32542","��û���� ���ֽ� ���ɷ� 77 (������)","http://gjmc.or.kr","041-962-1111","041-962-1219",""
"206","���ɽø� ������������","�ñ�����","���ɽø� ������������ ��ġ �� ��� ���� ����","��û����","�ش����","34281134","��纴��","120","33421","��û���� ���ɽ� û��� ����� 373","����","041-935-1166","041-935-1169",""
"207","��û���������Ƿ��","Ư������","�����Ƿ���� ���� �� ��� ���� ����","���Ǻ�����(��û����)","�����Ƿ��","34100164","���պ���","231","32001","��û���� ����� �߾ӷ� 149����(������ 568-5)","https://seosanmc.or.kr/","041-689-7000","041-665-8010",""
"208","��û�����������������������","�õ���","��û���� ���� ġ�ſ�纴�� ��ġ �� �����","��û����","�ش����","34280936","��纴��","90","32001","��û���� ����� �߾ӷ� 149����(������ 568-5)","https://seosanmc.or.kr/","041-689-7001","041-689-7070",""
"209","���ø�������������","�ñ�����","���ø������������� ��ġ �� �����","��û����","�ش����","34280332","��纴��","90","32980","��û���� ���� �ùη� 294���� 11","http://nshosp.co.kr/","041-734-9911","041-734-9914",""
"210","��õ�������ο�纴��","�ñ�����","��õ�� ��õ��޴�Ƽ �������������","��û����","�ش����","34280995","��纴��","182","33610","��û���� ��õ�� ��õ�� �漭��302���� 88-12","http://www.scbokjitown.or.kr/","041-950-1001","041-953-8070",""
"211","��û���� ȫ���Ƿ��","Ư������","�����Ƿ���� ���� �� ��� ���� ����","���Ǻ�����(��û����)","�����Ƿ��","34100121","���պ���","480","32232","��û���� ȫ���� ȫ���� ����� 224","https://www.hsmc.or.kr/","041-630-6114","041-630-6380",""
"212","��û�������� ȫ��������������","�õ���","��û���� ���� ġ�ſ�纴�� ��ġ �� �����","��û����","�ش����","34280103","��纴��(���κ���)","90","32232","��û���� ȫ���� ȫ���� �����  224","https://www.hsmc.or.kr/","041-630-6593","041-630-6594",""
"213","��ϵ��� ������������","�õ���","��ϵ�����������������ġ��  ��Ź��� ���� ����","��û�ϵ�","�ش����","33280177","��纴��","149","28802","��û�ϵ� û�ֽ� ����� û���� 1910����   (���� 25����)","www.noinhsp.co.kr","043-298-9011","043-298-9015",""
"214","û�ֽø���纴��","�ñ�����","û�ֽø���纴�� ��ġ �� ��� ���� ����","��û�ϵ�","�ش����","33280801","��纴��","194","28803","��û�ϵ� û�ֽ� ������ �ö�� 62���� 29(�强��)","http://cjslhp.com","043-220-8000","043-220-8005",""
"215","��û�ϵ� û���Ƿ��","Ư������","�����Ƿ���� ���� �� ��� ���� ����","��û�ϵ�","�ش����","33100012","���պ���","652","28547","��û�ϵ� û�ֽ� ����� ����� 48 (������ 554-6)","http://www.cjmc.or.kr","043-279-0114","043-279-2700",""
"216","ûǳȣ���λ������","�ñ�����","��õ�� ������������ ��ġ�� ��� ���� ����","��û�ϵ�","�ش����","33280576","��纴��","187","27207","��û�ϵ� ��õ�� �ݼ��� ûǳȣ�� 1147","www.cplove.co.kr","043-646-0808","043-648-5827",""
"217","���ֽ� ������������","�ñ�����","���ֽó�������������ġ �� ������� ����","��û�ϵ�","�ش����","33280088","��纴��","300","27442","��û�ϵ� ���ֽ� ������ ������ 1686-28","www.hyolife.com","043-855-9393","043-855-8866",""
"218","��û�ϵ� �����Ƿ��","Ư������","�����Ƿ���� ���� �� ��� ���� ����","��û�ϵ�","�ش����","33100063","���պ���","292","27468","��û�ϵ� ���ֽ� �ȸ��� 239-50(�ȸ��� 134)","www.cjmct.or.kr","043-871-0114","043-843-4231",""
"219","��������������������","�ñ�����","����������������������ġ ��    �����","��û�ϵ�","�ش����","33280681","��纴��","120","29131","��û�ϵ� ������ ������ ���з� 290","cmisilveryd.com","043-744-9633","043-742-8275",""
"220","�ܾ籺���ο����������","�ñ�����","�ܾ籺����������������ġ ��    �����","��û�ϵ�","�ش����","33280207","��纴��","105","27010","��û�ϵ� �ܾ籺 �ܾ��� ����6�� 10","����","043-423-8844","043-423-8874",""
